_id,sample_id,task_id,annotator,central_node,query,entity_annotations,slider_state,notes,status,template
69d2d31b9ef2781f4bc530d9,69d2d31b9ef2781f4bc530d8,69d2d31b9ef2781f4bc530d7,,org.apache.hadoop.yarn.server.nodemanager.WindowsSecureContainerExecutor.WindowsSecureWrapperScriptBuilder,Show the main and supporting classes involved in building shell script wrappers that do not create PID files for WindowsSecureContainerExecutor,{},"{""bc_threshold"": 0, ""calls_threshold"": 0}",,Not Annotated,True
69d2d3639ef2781f4bc530da,69d2d31b9ef2781f4bc530d8,69d2d31b9ef2781f4bc530d7,AndrewRatkov,org.apache.hadoop.yarn.server.nodemanager.WindowsSecureContainerExecutor.WindowsSecureWrapperScriptBuilder,Show the main and supporting classes involved in building shell script wrappers that do not create PID files for WindowsSecureContainerExecutor,{},"{""bc_threshold"": 0.00049437, ""calls_threshold"": 1}",Say my name,Finalized,False
69d2d3789ef2781f4bc530dc,69d2d31b9ef2781f4bc530d8,69d2d31b9ef2781f4bc530d7,RuslanAbliazov,org.apache.hadoop.yarn.server.nodemanager.WindowsSecureContainerExecutor.WindowsSecureWrapperScriptBuilder,Show the main and supporting classes involved in building shell script wrappers that do not create PID files for WindowsSecureContainerExecutor,"{""org.apache.hadoop.fs.Path"": ""useful"", ""org.apache.hadoop.yarn.server.nodemanager.DefaultContainerExecutor.LocalWrapperScriptBuilder"": ""useful"", ""org.apache.hadoop.yarn.server.nodemanager.DefaultContainerExecutor.WindowsLocalWrapperScriptBuilder"": ""required"", ""org.apache.hadoop.yarn.server.nodemanager.WindowsSecureContainerExecutor.WindowsSecureWrapperScriptBuilder"": ""irrelevant"", ""org.apache.hadoop.yarn.server.nodemanager.DefaultContainerExecutor.UnixLocalWrapperScriptBuilder"": ""irrelevant""}","{""bc_threshold"": 0, ""calls_threshold"": 0}",Тестовая разметка,Finalized,False
69d613da9ef2781f4bc533c5,69d2d31b9ef2781f4bc530d8,69d2d31b9ef2781f4bc530d7,SergeyKovalchuk,org.apache.hadoop.yarn.server.nodemanager.WindowsSecureContainerExecutor.WindowsSecureWrapperScriptBuilder,Show the main and supporting classes involved in building shell script wrappers that do not create PID files for WindowsSecureContainerExecutor,{},"{""bc_threshold"": 0, ""calls_threshold"": 8.095e-05}",,In Progress,False
69daa5869ef2781f4bc533f8,69daa5869ef2781f4bc533f7,69daa5869ef2781f4bc533f6,,ghidra.program.model.address.AddressSetViewAdapter,Show the main and supporting classes involved in providing read-only access to an address set,{},"{""bc_threshold"": 0, ""calls_threshold"": 0}",,Not Annotated,True
69daa5ae9ef2781f4bc53401,69daa5ae9ef2781f4bc53400,69daa5ae9ef2781f4bc533ff,,org.apache.flink.runtime.jobmaster.slotpool.BlocklistDeclarativeSlotPool,Show the main and supporting classes responsible for avoiding slot allocation on blocked nodes in BlocklistDeclarativeSlotPool,{},"{""bc_threshold"": 0, ""calls_threshold"": 0}",,Not Annotated,True
69daa5b59ef2781f4bc53404,69daa5b59ef2781f4bc53403,69daa5b59ef2781f4bc53402,,ghidra.framework.main.projectdata.actions.FindCheckoutsAction,Show the main and supporting classes responsible for initiating checkout status display for files selected in ProjectDataTreePanel,{},"{""bc_threshold"": 0, ""calls_threshold"": 0}",,Not Annotated,True
69daa5bb9ef2781f4bc53407,69daa5bb9ef2781f4bc53406,69daa5bb9ef2781f4bc53405,,org.apache.hadoop.ha.TestZKFailoverControllerStress,Show the main and supporting classes involved in automatic failovers of ZKFailoverController while ensuring exclusive shared resource ownership,{},"{""bc_threshold"": 0, ""calls_threshold"": 0}",,Not Annotated,True
69dc12f39ef2781f4bc5340a,69dc12f39ef2781f4bc53409,69dc12f39ef2781f4bc53408,,org.apache.flink.table.runtime.operators.join.stream.utils.AssociatedRecords,Show the main and supporting classes involved in wrapping and providing access to records associated with an input row,{},"{""bc_threshold"": 0, ""calls_threshold"": 0}",,Not Annotated,True
69dc12fd9ef2781f4bc5340d,69dc12fd9ef2781f4bc5340c,69dc12fd9ef2781f4bc5340b,,org.apache.flink.streaming.api.functions.windowing.delta.extractor.Extractor,Show the main and supporting classes responsible for extracting or converting one data type to another,{},"{""bc_threshold"": 0, ""calls_threshold"": 0}",,Not Annotated,True
69dc130a9ef2781f4bc53410,69dc130a9ef2781f4bc5340f,69dc130a9ef2781f4bc5340e,,ghidra.framework.protocol.ghidra.GhidraProtocolHandler,Show the main and supporting classes responsible for providing the extension point for Ghidra protocol extensions via Ghidra URLs,{},"{""bc_threshold"": 0, ""calls_threshold"": 0}",,Not Annotated,True
69dc131e9ef2781f4bc53413,69dc131e9ef2781f4bc53412,69dc131e9ef2781f4bc53411,,ghidra.program.model.listing.InstructionStub,Show the main and supporting classes involved in providing fallback Instruction interface implementations for testing,{},"{""bc_threshold"": 0, ""calls_threshold"": 0}",,Not Annotated,True
69dc132b9ef2781f4bc53416,69dc132b9ef2781f4bc53415,69dc132b9ef2781f4bc53414,,org.jkiss.dbeaver.model.qm.QMExecutionHandler,Show the main and supporting classes involved in handling query execution events during DBC operations,{},"{""bc_threshold"": 0, ""calls_threshold"": 0}",,Not Annotated,True
69dc13389ef2781f4bc53419,69dc13389ef2781f4bc53418,69dc13389ef2781f4bc53417,,org.nd4j.linalg.minimal.bindings.Nd4jMinimal.scatter_nd_sub,Show the main and supporting classes involved in subtracting update elements from an input array at specified indices,{},"{""bc_threshold"": 0, ""calls_threshold"": 0}",,Not Annotated,True
69dc13479ef2781f4bc5341c,69dc13479ef2781f4bc5341b,69dc13479ef2781f4bc5341a,,org.apache.flink.test.streaming.runtime.BroadcastStateITCase.TestKeyedBroadcastProcessFunction,Show the main and supporting classes involved in storing elements in broadcast state and verifying results via timer firing,{},"{""bc_threshold"": 0, ""calls_threshold"": 0}",,Not Annotated,True
69dc135d9ef2781f4bc5341f,69dc135d9ef2781f4bc5341e,69dc135d9ef2781f4bc5341d,,org.apache.hadoop.yarn.server.resourcemanager.webapp.TestRMWebServicesCapacitySchedulerMixedModeAbsoluteAndPercentageVector,Show the main and supporting classes involved in configuring queues for capacity scheduler testing with mixed absolute and percentage modes,{},"{""bc_threshold"": 0, ""calls_threshold"": 0}",,Not Annotated,True
69dc13719ef2781f4bc53422,69dc13719ef2781f4bc53421,69dc13719ef2781f4bc53420,,org.apache.hadoop.security.UserGroupInformation.AutoRenewalForUserCredsRunnable,Show the main and supporting classes responsible for encapsulating Kerberos TGT auto-renewal functionality,{},"{""bc_threshold"": 0, ""calls_threshold"": 0}",,Not Annotated,True
69dc13789ef2781f4bc53425,69dc13789ef2781f4bc53424,69dc13789ef2781f4bc53423,,org.apache.hadoop.fs.slive.ConfigMerger,Show the main and supporting classes involved in merging configuration options from files and command line with validation,{},"{""bc_threshold"": 0, ""calls_threshold"": 0}",,Not Annotated,True
69dc137f9ef2781f4bc53428,69dc137f9ef2781f4bc53427,69dc137f9ef2781f4bc53426,,org.apache.flink.table.runtime.operators.deduplicate.RowTimeDeduplicateKeepFirstRowFunction,Show the main and supporting classes involved in deduplicating data on keys while keeping only the first row based on row time,{},"{""bc_threshold"": 0, ""calls_threshold"": 0}",,Not Annotated,True
69dc13899ef2781f4bc5342b,69dc13899ef2781f4bc5342a,69dc13899ef2781f4bc53429,,org.apache.hadoop.hdfs.server.namenode.sps.DatanodeCacheManager,Show the main and supporting classes involved in caching and periodically refreshing datanode storage reports,{},"{""bc_threshold"": 0, ""calls_threshold"": 0}",,Not Annotated,True
69dc13919ef2781f4bc5342e,69dc13919ef2781f4bc5342d,69dc13919ef2781f4bc5342c,,ghidra.program.model.symbol.ExternalLocation,Show the main and supporting classes responsible for defining locations within external programs identified by name and label or address,{},"{""bc_threshold"": 0, ""calls_threshold"": 0}",,Not Annotated,True
69dc139c9ef2781f4bc53431,69dc139c9ef2781f4bc53430,69dc139c9ef2781f4bc5342f,,ghidra.debug.api.progress.MonitorReceiver,Show the main and supporting classes involved in receiving and monitoring published task status for user cancellation,{},"{""bc_threshold"": 0, ""calls_threshold"": 0}",,Not Annotated,True
69dc13a29ef2781f4bc53434,69dc13a29ef2781f4bc53433,69dc13a29ef2781f4bc53432,,org.apache.hadoop.fs.s3a.impl.streams.StreamFactoryRequirements,Show the main and supporting classes involved in declaring threading and vector IO requirements for stream factories and filesystem adaptation,{},"{""bc_threshold"": 0, ""calls_threshold"": 0}",,Not Annotated,True
69dc13c29ef2781f4bc53437,69dc13c29ef2781f4bc53436,69dc13c29ef2781f4bc53435,,org.apache.hadoop.fs.s3a.audit.TestLoggingAuditor,Show the main and supporting classes involved in detecting unaudited operations by throwing exceptions on unaudited spans,{},"{""bc_threshold"": 0, ""calls_threshold"": 0}",,Not Annotated,True
69dc13cb9ef2781f4bc5343a,69dc13cb9ef2781f4bc53439,69dc13cb9ef2781f4bc53438,,org.apache.hadoop.yarn.api.records.UpdateContainerError,Show the main and supporting classes involved in notifying ApplicationMaster of UpdateContainerRequest failures with reasons,{},"{""bc_threshold"": 0, ""calls_threshold"": 0}",,Not Annotated,True
69dc13d79ef2781f4bc5343d,69dc13d79ef2781f4bc5343c,69dc13d79ef2781f4bc5343b,,ghidra.graph.viewer.vertex.VertexClickListener,Show the main and supporting classes involved in notifying clients of vertex clicks without requiring direct mouse plugin interaction,{},"{""bc_threshold"": 0, ""calls_threshold"": 0}",,Not Annotated,True
69dc13e39ef2781f4bc53440,69dc13e39ef2781f4bc5343f,69dc13e39ef2781f4bc5343e,,org.apache.hadoop.tools.dynamometer.workloadgenerator.WorkloadDriver,Show the main and supporting classes involved in launching map-only jobs for generating generic workloads against a NameNode,{},"{""bc_threshold"": 0, ""calls_threshold"": 0}",,Not Annotated,True
69dc13ec9ef2781f4bc53443,69dc13ec9ef2781f4bc53442,69dc13ec9ef2781f4bc53441,,org.apache.hadoop.fs.s3a.audit.AuditFailureException,Show the main and supporting classes involved in wrapping audit failures as CredentialInitializationException for proper exception translation to AccessDeniedException,{},"{""bc_threshold"": 0, ""calls_threshold"": 0}",,Not Annotated,True
69dc13f39ef2781f4bc53446,69dc13f39ef2781f4bc53445,69dc13f39ef2781f4bc53444,,org.apache.flink.api.common.operators.CompilerHints,Show the main and supporting classes involved in providing behavior hints to the compiler for estimating intermediate result sizes,{},"{""bc_threshold"": 0, ""calls_threshold"": 0}",,Not Annotated,True
69dc13fa9ef2781f4bc53449,69dc13fa9ef2781f4bc53448,69dc13fa9ef2781f4bc53447,,ghidra.app.plugin.core.function.tags.FunctionTagMergeTest,Show the main and supporting classes involved in testing the combined merging of function tags and listings,{},"{""bc_threshold"": 0, ""calls_threshold"": 0}",,Not Annotated,True
69dc14019ef2781f4bc5344c,69dc14019ef2781f4bc5344b,69dc14019ef2781f4bc5344a,,ghidra.graph.viewer.layout.GridPoint,Show the main and supporting classes responsible for storing row and column information for points in a GridLocationMap to simplify grid-to-layout space translation,{},"{""bc_threshold"": 0, ""calls_threshold"": 0}",,Not Annotated,True
69dc140b9ef2781f4bc5344f,69dc140b9ef2781f4bc5344e,69dc140b9ef2781f4bc5344d,,ghidra.features.base.memsearch.gui.MemoryScanControlPanel,Show the main and supporting classes involved in managing controls for the memory scan feature via a detachable internal panel,{},"{""bc_threshold"": 0, ""calls_threshold"": 0}",,Not Annotated,True
69dc14199ef2781f4bc53452,69dc14199ef2781f4bc53451,69dc14199ef2781f4bc53450,,org.nd4j.linalg.minimal.bindings.Nd4jMinimal.unsorted_segment_sqrt_n,Show the main and supporting classes involved in computing sums along tensor segments divided by the square root of segment count,{},"{""bc_threshold"": 0, ""calls_threshold"": 0}",,Not Annotated,True
69dc14239ef2781f4bc53455,69dc14239ef2781f4bc53454,69dc14239ef2781f4bc53453,,org.apache.hadoop.yarn.server.nodemanager.WindowsSecureContainerExecutor.WindowsSecureWrapperScriptBuilder,Show the main and supporting classes involved in building shell script wrappers that do not create PID files for WindowsSecureContainerExecutor,{},"{""bc_threshold"": 0, ""calls_threshold"": 0}",,Not Annotated,True
69dc142d9ef2781f4bc53456,69dc13fa9ef2781f4bc53448,69dc13fa9ef2781f4bc53447,RuslanAbliazov,ghidra.app.plugin.core.function.tags.FunctionTagMergeTest,Show the main and supporting classes involved in testing the combined merging of function tags and listings,"{""ghidra.app.plugin.core.function.tags.FunctionTagMergeTest"": ""required"", ""ghidra.program.model.listing.FunctionTagManager"": ""required"", ""ghidra.program.model.listing.FunctionTag"": ""required"", ""ghidra.app.merge.listing.VerticalChoicesPanel"": ""irrelevant"", ""ghidra.program.database.function.FunctionManagerDB"": ""irrelevant"", ""ghidra.program.model.listing.Function"": ""irrelevant"", ""ghidra.program.model.address.AddressFactory"": ""irrelevant"", ""ghidra.program.model.address.Address"": ""irrelevant"", ""ghidra.app.merge.tool.ListingMergePanel"": ""required"", ""ghidra.program.model.listing.Program"": ""required""}","{""bc_threshold"": 0, ""calls_threshold"": 0.00282417}",,Finalized,False
69dd22f29ef2781f4bc53494,69daa5869ef2781f4bc533f7,69daa5869ef2781f4bc533f6,TRuslan,ghidra.program.model.address.AddressSetViewAdapter,Show the main and supporting classes involved in providing read-only access to an address set,"{""ghidra.app.plugin.exceptionhandlers.gcc.structures.gccexcepttable.LSDACallSiteTable"": ""irrelevant"", ""ghidra.app.util.opinion.MemorySection"": ""irrelevant"", ""ghidra.dbg.jdi.rmi.jpda.JdiConnector"": ""irrelevant"", ""ghidra.program.model.address.AddressRange"": ""required"", ""ghidra.program.model.address.AddressSet"": ""required"", ""ghidra.program.model.address.AddressSetViewAdapter"": ""required"", ""ghidra.program.util.AddressCorrelationRange"": ""irrelevant"", ""ghidra.trace.database.listing.DBTraceCodeSpace"": ""irrelevant"", ""ghidra.trace.model.ImmutableTraceAddressSnapRange"": ""irrelevant"", ""ghidra.app.plugin.exceptionhandlers.gcc.structures.gccexcepttable.LSDAHeader"": ""irrelevant""}","{""bc_threshold"": 8e-08, ""calls_threshold"": 0.00024558}",,Finalized,False
69dd230e9ef2781f4bc53497,69dc13ec9ef2781f4bc53442,69dc13ec9ef2781f4bc53441,TRuslan,org.apache.hadoop.fs.s3a.audit.AuditFailureException,Show the main and supporting classes involved in wrapping audit failures as CredentialInitializationException for proper exception translation to AccessDeniedException,{},"{""bc_threshold"": 0, ""calls_threshold"": 0}",,Not Annotated,False
69dd311d9ef2781f4bc534fe,69d2d31b9ef2781f4bc530d8,69d2d31b9ef2781f4bc530d7,TRuslan,org.apache.hadoop.yarn.server.nodemanager.WindowsSecureContainerExecutor.WindowsSecureWrapperScriptBuilder,Show the main and supporting classes involved in building shell script wrappers that do not create PID files for WindowsSecureContainerExecutor,"{""org.apache.hadoop.fs.Path"": ""useful"", ""org.apache.hadoop.yarn.server.nodemanager.DefaultContainerExecutor.LocalWrapperScriptBuilder"": ""required"", ""org.apache.hadoop.yarn.server.nodemanager.WindowsSecureContainerExecutor.WindowsSecureWrapperScriptBuilder"": ""irrelevant""}","{""bc_threshold"": 0, ""calls_threshold"": 0}",,Finalized,False
69de4c669ef2781f4bc53510,69dc12f39ef2781f4bc53409,69dc12f39ef2781f4bc53408,AndrewRatkov,org.apache.flink.table.runtime.operators.join.stream.utils.AssociatedRecords,Show the main and supporting classes involved in wrapping and providing access to records associated with an input row,"{""org.apache.flink.table.data.utils.JoinedRowData"": ""required"", ""org.apache.flink.table.runtime.operators.join.stream.utils.AssociatedRecords"": ""required"", ""org.apache.flink.table.runtime.operators.join.stream.utils.JoinHelper"": ""required"", ""org.apache.flink.table.runtime.operators.join.stream.asyncprocessing.AsyncStateStreamingJoinOperator.AsyncStateJoinHelper"": ""required"", ""org.apache.flink.table.runtime.operators.join.stream.asyncprocessing.AsyncStateStreamingJoinOperator"": ""required"", ""org.apache.flink.api.java.tuple.Tuple2"": ""irrelevant"", ""org.apache.flink.table.runtime.operators.join.stream.asyncprocessing.state.JoinRecordAsyncStateViews.InputSideHasNoUniqueKey"": ""irrelevant"", ""org.apache.flink.table.runtime.operators.join.stream.asyncprocessing.state.OuterJoinRecordAsyncStateViews.InputSideHasUniqueKey"": ""irrelevant"", ""org.apache.flink.table.runtime.operators.join.stream.asyncprocessing.state.OuterJoinRecordAsyncStateViews.InputSideHasNoUniqueKey"": ""irrelevant"", ""org.apache.flink.table.runtime.operators.join.stream.asyncprocessing.state.OuterJoinRecordAsyncStateViews.JoinKeyContainsUniqueKey"": ""irrelevant"", ""org.apache.flink.table.runtime.operators.join.stream.asyncprocessing.state.JoinRecordAsyncStateViews.JoinKeyContainsUniqueKey"": ""irrelevant"", ""org.apache.flink.api.common.state.v2.StateFuture"": ""irrelevant"", ""org.apache.flink.table.runtime.operators.join.stream.utils.OuterRecord"": ""useful"", ""org.apache.flink.table.runtime.operators.join.stream.asyncprocessing.state.JoinRecordAsyncStateView"": ""useful"", ""org.apache.flink.table.runtime.operators.join.stream.asyncprocessing.state.OuterJoinRecordAsyncStateView"": ""useful"", ""org.apache.flink.table.runtime.operators.join.stream.state.JoinRecordStateView"": ""useful"", ""org.apache.flink.table.runtime.operators.join.stream.utils.AssociatedRecords.RecordsIterable"": ""irrelevant"", ""org.apache.flink.table.runtime.operators.join.stream.state.JoinRecordStateViews.InputSideHasUniqueKey"": ""irrelevant"", ""org.apache.flink.table.runtime.operators.join.stream.state.JoinRecordStateViews.JoinKeyContainsUniqueKey"": ""irrelevant"", ""org.apache.flink.table.runtime.operators.join.stream.state.JoinRecordStateViews.InputSideHasNoUniqueKey"": ""irrelevant"", ""org.apache.flink.table.runtime.operators.join.stream.AbstractStreamingJoinOperator"": ""irrelevant"", ""org.apache.flink.table.runtime.operators.join.stream.state.JoinRecordStateViews"": ""irrelevant"", ""org.apache.flink.table.runtime.operators.join.stream.state.OuterJoinRecordStateView"": ""irrelevant"", ""org.apache.flink.table.runtime.generated.JoinCondition"": ""irrelevant"", ""org.apache.flink.table.runtime.operators.join.stream.asyncprocessing.AbstractAsyncStateStreamingJoinOperator"": ""irrelevant"", ""org.apache.flink.table.runtime.operators.join.stream.StreamingSemiAntiJoinOperator"": ""irrelevant"", ""org.apache.flink.table.runtime.operators.join.stream.StreamingJoinOperator"": ""irrelevant"", ""org.apache.flink.table.runtime.operators.join.stream.MiniBatchStreamingJoinOperator"": ""irrelevant"", ""org.apache.flink.table.runtime.operators.join.stream.asyncprocessing.state.JoinRecordAsyncStateViews.InputSideHasUniqueKey"": ""irrelevant""}","{""bc_threshold"": 0, ""calls_threshold"": 0}",,Finalized,False
69de545f9ef2781f4bc5369c,69dc12fd9ef2781f4bc5340c,69dc12fd9ef2781f4bc5340b,AndrewRatkov,org.apache.flink.streaming.api.functions.windowing.delta.extractor.Extractor,Show the main and supporting classes responsible for extracting or converting one data type to another,"{""org.apache.flink.streaming.api.functions.windowing.delta.extractor.Extractor"": ""required"", ""org.apache.flink.streaming.api.functions.windowing.delta.extractor.ConcatenatedExtractTest"": ""irrelevant"", ""org.apache.flink.api.java.tuple.Tuple22"": ""irrelevant"", ""org.apache.flink.api.java.tuple.Tuple13"": ""irrelevant"", ""org.apache.flink.api.java.tuple.Tuple24"": ""irrelevant"", ""org.apache.flink.api.java.tuple.Tuple15"": ""irrelevant"", ""org.apache.flink.api.java.tuple.Tuple20"": ""irrelevant"", ""org.apache.flink.api.java.tuple.Tuple6"": ""irrelevant"", ""org.apache.flink.api.java.tuple.Tuple21"": ""irrelevant"", ""org.apache.flink.api.java.tuple.Tuple23"": ""irrelevant"", ""org.apache.flink.api.java.tuple.Tuple4"": ""irrelevant"", ""org.apache.flink.api.java.tuple.Tuple12"": ""irrelevant"", ""org.apache.flink.api.java.tuple.Tuple3"": ""irrelevant"", ""org.apache.flink.api.java.tuple.Tuple25"": ""irrelevant"", ""org.apache.flink.api.java.tuple.Tuple2"": ""irrelevant"", ""org.apache.flink.api.java.tuple.Tuple5"": ""irrelevant"", ""org.apache.flink.api.java.tuple.Tuple8"": ""irrelevant"", ""org.apache.flink.api.java.tuple.Tuple7"": ""irrelevant"", ""org.apache.flink.api.java.tuple.Tuple10"": ""irrelevant"", ""org.apache.flink.streaming.api.functions.windowing.delta.ExtractionAwareDeltaFunction"": ""useful"", ""org.apache.flink.streaming.api.functions.windowing.delta.DeltaFunction"": ""useful"", ""org.apache.flink.streaming.api.functions.windowing.delta.EuclideanDistance"": ""irrelevant"", ""org.apache.flink.api.java.tuple.Tuple"": ""irrelevant"", ""org.apache.flink.streaming.api.functions.windowing.delta.extractor.FieldsFromArray"": ""useful"", ""org.apache.flink.streaming.api.functions.windowing.delta.extractor.FieldFromTuple"": ""useful"", ""org.apache.flink.streaming.api.functions.windowing.delta.extractor.FieldFromArray"": ""useful"", ""org.apache.flink.streaming.api.functions.windowing.delta.extractor.ConcatenatedExtract"": ""useful"", ""org.apache.flink.streaming.api.functions.windowing.delta.extractor.FieldsFromTuple"": ""useful"", ""org.apache.flink.streaming.api.functions.windowing.delta.extractor.ArrayFromTuple"": ""useful""}","{""bc_threshold"": 0, ""calls_threshold"": 0}",,Finalized,False
69de5de09ef2781f4bc5374c,69dc130a9ef2781f4bc5340f,69dc130a9ef2781f4bc5340e,AndrewRatkov,ghidra.framework.protocol.ghidra.GhidraProtocolHandler,Show the main and supporting classes responsible for providing the extension point for Ghidra protocol extensions via Ghidra URLs,"{""ghidra.framework.protocol.ghidra.GhidraProtocolConnector"": ""required"", ""ghidra.framework.protocol.ghidra.DefaultGhidraProtocolHandler"": ""required"", ""ghidra.framework.protocol.ghidra.GhidraProtocolHandler"": ""required"", ""ghidra.framework.protocol.ghidra.Handler"": ""required"", ""ghidra.app.plugin.core.checksums.ChecksumAlgorithm"": ""irrelevant"", ""sarif.handlers.SarifRunHandler"": ""irrelevant"", ""ghidra.app.plugin.core.reloc.RelocationFixupHandler"": ""irrelevant"", ""ghidra.file.crypto.Decryptor"": ""irrelevant"", ""ghidra.framework.ModuleInitializer"": ""irrelevant"", ""ghidra.debug.api.emulation.EmulatorFactory"": ""irrelevant"", ""ghidra.app.util.viewer.field.FieldFactory"": ""irrelevant"", ""ghidra.app.plugin.core.overview.OverviewColorService"": ""irrelevant"", ""ghidra.app.util.viewer.field.FieldMouseHandlerExtension"": ""irrelevant"", ""ghidra.app.services.Analyzer"": ""irrelevant"", ""ghidra.framework.plugintool.util.PluginPackage"": ""irrelevant"", ""ghidra.features.base.replace.SearchAndReplaceHandler"": ""irrelevant"", ""ghidra.app.util.exporter.Exporter"": ""irrelevant"", ""ghidra.app.analyzers.PatternConstraint"": ""irrelevant"", ""ghidra.framework.plugintool.Plugin"": ""irrelevant"", ""ghidra.util.classfinder.ExtensionPoint"": ""useful"", ""ghidra.app.util.bin.format.coff.relocation.CoffRelocationHandler"": ""irrelevant"", ""ghidra.graph.viewer.layout.LayoutProviderExtensionPoint"": ""irrelevant"", ""ghidra.app.util.recognizer.Recognizer"": ""irrelevant"", ""ghidra.debug.spi.tracermi.TraceRmiLaunchOpinion"": ""irrelevant"", ""ghidra.program.util.DiscoverableAddressCorrelator"": ""irrelevant"", ""ghidra.util.search.InstructionSkipper"": ""irrelevant"", ""ghidra.feature.vt.api.main.VTProgramCorrelatorFactory"": ""irrelevant"", ""ghidra.framework.cmd.BinaryAnalysisCommand"": ""irrelevant"", ""docking.widgets.table.constraint.ColumnConstraintProvider"": ""irrelevant"", ""ghidra.program.model.reloc.RelocationHandler"": ""irrelevant""}","{""bc_threshold"": 0, ""calls_threshold"": 0}",Я уже красный,Finalized,False
69de9f739ef2781f4bc537e0,69dc131e9ef2781f4bc53412,69dc131e9ef2781f4bc53411,AndrewRatkov,ghidra.program.model.listing.InstructionStub,Show the main and supporting classes involved in providing fallback Instruction interface implementations for testing,"{""ghidra.program.model.data.DataUtilitiesTest.MyInstruction"": ""required"", ""ghidra.program.model.address.Address"": ""required"", ""ghidra.program.database.code.InstructionDB"": ""irrelevant"", ""ghidra.program.database.code.CodeUnitRecordIterator"": ""irrelevant"", ""ghidra.program.model.lang.Register"": ""irrelevant"", ""ghidra.program.model.lang.InstructionContext"": ""irrelevant"", ""ghidra.program.model.lang.InstructionPrototype"": ""irrelevant"", ""ghidra.program.model.lang.ProcessorContext"": ""irrelevant"", ""ghidra.program.model.lang.RegisterValue"": ""irrelevant"", ""ResolveX86orX64LinuxSyscallsScript"": ""required"", ""ghidra.program.model.listing.CodeUnit"": ""required"", ""ghidra.program.model.listing.Instruction"": ""irrelevant"", ""ghidra.program.model.listing.InstructionStub"": ""useful"", ""ghidra.program.model.listing.Program"": ""useful"", ""ghidra.program.model.pcode.PcodeOp"": ""useful"", ""ghidra.trace.model.listing.TraceInstruction"": ""irrelevant"", ""ghidra.program.model.symbol.Symbol"": ""irrelevant"", ""ghidra.program.model.symbol.ReferenceIterator"": ""irrelevant"", ""ghidra.program.model.symbol.Reference"": ""irrelevant"", ""ghidra.program.model.symbol.RefType"": ""irrelevant"", ""ghidra.program.model.symbol.FlowType"": ""irrelevant"", ""ghidra.program.model.symbol.ExternalReference"": ""irrelevant"", ""ghidra.program.model.scalar.Scalar"": ""useful"", ""ghidra.util.Saveable"": ""irrelevant"", ""sarif.export.code.SarifCodeWriter"": ""irrelevant"", ""ghidra.pcode.emulate.Emulate"": ""irrelevant"", ""ghidra.app.util.pdb.pdbapplicator.PdbStubProgram.PdbInstructionStub"": ""irrelevant"", ""ghidra.app.util.PseudoInstruction"": ""irrelevant"", ""datagraph.data.graph.CodeDegVertex"": ""irrelevant"", ""AssemblyThrasherDevScript.AllMatchByTextSelector"": ""useful""}","{""bc_threshold"": 0, ""calls_threshold"": 0}",,Finalized,False
69e0a64f5284620f76176040,69dc132b9ef2781f4bc53415,69dc132b9ef2781f4bc53414,AndrewRatkov,org.jkiss.dbeaver.model.qm.QMExecutionHandler,Show the main and supporting classes involved in handling query execution events during DBC operations,"{""org.jkiss.dbeaver.model.sql.semantics.context.SQLQueryConnectionDummyContext.DummyDbObject"": ""irrelevant"", ""org.jkiss.dbeaver.Log"": ""irrelevant"", ""org.jkiss.dbeaver.tools.transfer.ui.pages.database.MappingRulesDialog"": ""irrelevant"", ""org.jkiss.dbeaver.model.sql.parser.SQLParserContext"": ""irrelevant"", ""org.jkiss.dbeaver.ext.postgresql.model.plan.PostgrePlanNodeBase"": ""irrelevant"", ""org.jkiss.dbeaver.model.exec.DBCExecutionContext"": ""required"", ""org.jkiss.dbeaver.model.exec.DBCSession"": ""required"", ""org.jkiss.dbeaver.model.exec.DBCStatement"": ""required"", ""org.jkiss.dbeaver.model.exec.DBCResultSet"": ""required"", ""org.jkiss.dbeaver.model.DBPContextWithAttributes"": ""useful"", ""org.jkiss.dbeaver.model.exec.DBCSavepoint"": ""required"", ""org.jkiss.dbeaver.model.qm.QMExecutionHandler"": ""required"", ""org.jkiss.dbeaver.runtime.qm.DefaultExecutionHandler"": ""useful"", ""org.jkiss.dbeaver.ui.controls.txn.TransactionMonitorToolbar.QMEventsHandler"": ""useful"", ""org.jkiss.dbeaver.runtime.qm.QMRegistryImpl.NotifyInvocationHandler"": ""irrelevant"", ""org.jkiss.dbeaver.model.qm.meta.QMMConnectionInfo"": ""irrelevant"", ""org.jkiss.dbeaver.model.qm.QMMetaListener"": ""irrelevant"", ""org.jkiss.dbeaver.model.qm.QMEventBrowser"": ""irrelevant"", ""org.jkiss.dbeaver.runtime.qm.QMRegistryImpl.DefaultEventBrowser"": ""irrelevant"", ""org.jkiss.dbeaver.model.qm.QMMCollector"": ""useful"", ""org.jkiss.dbeaver.headless.DBeaverTestPlatform"": ""irrelevant"", ""org.jkiss.dbeaver.runtime.qm.QMRegistryImpl"": ""irrelevant"", ""org.jkiss.dbeaver.model.lsp.context.LspSQLCompletionContext"": ""irrelevant"", ""org.jkiss.dbeaver.model.impl.AbstractDataSource"": ""irrelevant"", ""org.jkiss.dbeaver.model.sql.analyzer.builder.request.RequestBuilder.DataSource"": ""irrelevant"", ""org.jkiss.dbeaver.model.DBPDataSource"": ""irrelevant"", ""org.jkiss.dbeaver.model.struct.DBSInstanceContainer"": ""irrelevant"", ""org.jkiss.dbeaver.model.DBPTransactionIsolation"": ""irrelevant""}","{""bc_threshold"": 0, ""calls_threshold"": 0}",,Finalized,False
69e0ad095284620f761760bd,69dc13389ef2781f4bc53418,69dc13389ef2781f4bc53417,AndrewRatkov,org.nd4j.linalg.minimal.bindings.Nd4jMinimal.scatter_nd_sub,Show the main and supporting classes involved in subtracting update elements from an input array at specified indices,"{""org.nd4j.linalg.minimal.bindings.Nd4jMinimal.tanh"": ""irrelevant"", ""org.nd4j.linalg.minimal.bindings.Nd4jMinimal.Context"": ""required"", ""org.nd4j.linalg.minimal.bindings.Nd4jMinimal.ShapeList"": ""required"", ""org.nd4j.linalg.minimal.bindings.Nd4jMinimal.DeclarableOp"": ""required"", ""org.nd4j.linalg.minimal.bindings.Nd4jMinimal.broadcastgradientargs"": ""irrelevant"", ""org.nd4j.linalg.minimal.bindings.Nd4jMinimal.identity_bp"": ""irrelevant"", ""org.nd4j.linalg.minimal.bindings.Nd4jMinimal.testop2i2o"": ""irrelevant"", ""org.nd4j.linalg.minimal.bindings.Nd4jMinimal.scatter_nd_sub"": ""required"", ""org.nd4j.linalg.minimal.bindings.Nd4jMinimal.LogicOp"": ""irrelevant"", ""org.nd4j.linalg.minimal.bindings.Nd4jMinimal.BooleanOp"": ""irrelevant"", ""org.nd4j.linalg.minimal.bindings.Nd4jMinimal.betainc"": ""irrelevant"", ""org.nd4j.linalg.minimal.bindings.Nd4jMinimal.cumsum"": ""irrelevant"", ""org.nd4j.linalg.minimal.bindings.Nd4jMinimal.sigmoid"": ""irrelevant"", ""org.nd4j.linalg.minimal.bindings.Nd4jMinimal.stop_gradient"": ""irrelevant"", ""org.nd4j.linalg.minimal.bindings.Nd4jMinimal.relu6"": ""irrelevant"", ""org.nd4j.linalg.minimal.bindings.Nd4jMinimal.elu"": ""irrelevant"", ""org.nd4j.linalg.minimal.bindings.Nd4jMinimal.fake_quant_with_min_max_vars_per_channel"": ""irrelevant"", ""org.nd4j.linalg.minimal.bindings.Nd4jMinimal.rectifiedtanh"": ""irrelevant"", ""org.nd4j.linalg.minimal.bindings.Nd4jMinimal.roll"": ""irrelevant"", ""org.nd4j.linalg.minimal.bindings.Nd4jMinimal.selu_bp"": ""irrelevant"", ""org.nd4j.linalg.minimal.bindings.Nd4jMinimal.selu"": ""irrelevant"", ""org.nd4j.linalg.minimal.bindings.Nd4jMinimal.scatter_upd"": ""required"", ""org.nd4j.linalg.minimal.bindings.Nd4jMinimal.scatter_mul"": ""irrelevant"", ""org.nd4j.linalg.minimal.bindings.Nd4jMinimal.mergemax"": ""irrelevant"", ""org.nd4j.linalg.minimal.bindings.Nd4jMinimal.polygamma"": ""irrelevant"", ""org.nd4j.linalg.minimal.bindings.Nd4jMinimal.matrix_band_part"": ""irrelevant"", ""org.nd4j.linalg.minimal.bindings.Nd4jMinimal.lrn_bp"": ""irrelevant"", ""org.nd4j.linalg.minimal.bindings.Nd4jMinimal.log_softmax_bp"": ""irrelevant"", ""org.nd4j.linalg.minimal.bindings.Nd4jMinimal.lgamma"": ""irrelevant"", ""org.nd4j.linalg.minimal.bindings.Nd4jMinimal.fill_as"": ""irrelevant""}","{""bc_threshold"": 0, ""calls_threshold"": 0}",,Finalized,False
69e0c20a5284620f761761d1,69dc13479ef2781f4bc5341b,69dc13479ef2781f4bc5341a,AndrewRatkov,org.apache.flink.test.streaming.runtime.BroadcastStateITCase.TestKeyedBroadcastProcessFunction,Show the main and supporting classes involved in storing elements in broadcast state and verifying results via timer firing,"{""org.apache.flink.streaming.api.operators.co.CoBroadcastWithKeyedOperatorTest.FunctionWithBroadcastState"": ""required"", ""org.apache.flink.streaming.api.operators.co.CoBroadcastWithKeyedOperator.OnTimerContextImpl"": ""useful"", ""org.apache.flink.streaming.api.functions.co.KeyedBroadcastProcessFunction.OnTimerContext"": ""useful"", ""org.apache.flink.streaming.api.functions.co.KeyedBroadcastProcessFunction.ReadOnlyContext"": ""irrelevant"", ""org.apache.flink.api.common.state.StateDescriptor"": ""irrelevant"", ""org.apache.flink.streaming.api.functions.co.BaseBroadcastProcessFunction"": ""useful"", ""org.apache.flink.api.common.state.MapStateDescriptor"": ""irrelevant"", ""org.apache.flink.api.datastream.DataStreamBatchExecutionITCase"": ""irrelevant"", ""org.apache.flink.streaming.api.operators.co.CoBroadcastWithKeyedOperator.ReadWriteContextImpl"": ""irrelevant"", ""org.apache.flink.util.Collector"": ""irrelevant"", ""org.apache.flink.api.common.functions.OpenContext"": ""irrelevant"", ""org.apache.flink.streaming.api.functions.co.KeyedBroadcastProcessFunction.Context"": ""irrelevant"", ""org.apache.flink.streaming.api.operators.co.CoBroadcastWithKeyedOperatorTest.FunctionWithSideOutput"": ""irrelevant"", ""org.apache.flink.api.datastream.DataStreamBatchExecutionITCase.TestKeyedBroadcastFunction"": ""irrelevant"", ""org.apache.flink.streaming.api.operators.co.CoBroadcastWithKeyedOperatorTest.TestFunctionWithOutput"": ""irrelevant"", ""org.apache.flink.streaming.api.datastream.BroadcastConnectedStream"": ""required"", ""org.apache.flink.streaming.api.transformations.KeyedBroadcastStateTransformation"": ""useful"", ""org.apache.flink.test.checkpointing.StatefulJobWBroadcastStateMigrationITCase.CheckingKeyedBroadcastFunction"": ""useful"", ""org.apache.flink.test.streaming.runtime.BroadcastStateITCase.TestKeyedBroadcastProcessFunction"": ""irrelevant"", ""org.apache.flink.test.checkpointing.StatefulJobWBroadcastStateMigrationITCase.CheckpointingKeyedBroadcastFunction"": ""useful"", ""org.apache.flink.test.checkpointing.StatefulJobWBroadcastStateMigrationITCase.CheckpointingKeyedSingleBroadcastFunction"": ""useful"", ""org.apache.flink.streaming.api.operators.co.CoBroadcastWithKeyedOperatorTest"": ""irrelevant"", ""org.apache.flink.test.checkpointing.StatefulJobWBroadcastStateMigrationITCase"": ""irrelevant"", ""org.apache.flink.streaming.api.operators.co.CoBroadcastWithKeyedOperatorTest.KeyQueryingProcessFunction"": ""irrelevant"", ""org.apache.flink.streaming.util.ProcessFunctionTestHarnessesTest"": ""irrelevant"", ""org.apache.flink.streaming.util.ProcessFunctionTestHarnesses"": ""irrelevant"", ""org.apache.flink.test.checkpointing.StatefulJobWBroadcastStateMigrationITCase.CheckingKeyedSingleBroadcastFunction"": ""useful"", ""org.apache.flink.streaming.api.operators.co.CoBroadcastWithKeyedOperatorTest.FunctionWithTimerOnKeyed"": ""required"", ""org.apache.flink.streaming.api.functions.co.KeyedBroadcastProcessFunction"": ""useful""}","{""bc_threshold"": 0, ""calls_threshold"": 0}",,Finalized,False
69e141b15284620f761762f6,69dc135d9ef2781f4bc5341e,69dc135d9ef2781f4bc5341d,AndrewRatkov,org.apache.hadoop.yarn.server.resourcemanager.webapp.TestRMWebServicesCapacitySchedulerMixedModeAbsoluteAndPercentageVector,Show the main and supporting classes involved in configuring queues for capacity scheduler testing with mixed absolute and percentage modes,"{""org.apache.hadoop.yarn.server.resourcemanager.webapp.TestRMWebServicesCapacitySchedLegacyQueueCreationAbsoluteMode"": ""required"", ""org.apache.hadoop.yarn.server.resourcemanager.webapp.TestRMWebServiceAppsNodelabel"": ""required"", ""org.apache.hadoop.yarn.webapp.JerseyTestBase"": ""useful"", ""org.apache.hadoop.yarn.server.resourcemanager.webapp.RMWebServices"": ""useful"", ""org.apache.hadoop.conf.Configuration"": ""useful"", ""org.apache.hadoop.yarn.server.resourcemanager.webapp.TestRMWebServicesCapacitySchedulerMixedModePercentageAndWeight"": ""required"", ""org.apache.hadoop.mapreduce.v2.hs.webapp.TestHsWebServicesJobs"": ""irrelevant"", ""org.apache.hadoop.yarn.server.resourcemanager.webapp.TestRMWebServicesConfigurationMutation"": ""irrelevant"", ""org.apache.hadoop.mapreduce.v2.hs.webapp.TestHsWebServicesTasks"": ""irrelevant"", ""org.apache.hadoop.yarn.server.timeline.webapp.TestTimelineWebServices"": ""irrelevant"", ""org.apache.hadoop.yarn.server.nodemanager.webapp.TestNMWebServicesContainers"": ""irrelevant"", ""org.apache.hadoop.yarn.server.resourcemanager.webapp.TestRMWebServicesCapacitySchedulerMixedModeAbsoluteAndPercentageVector"": ""required"", ""org.apache.hadoop.mapreduce.v2.app.webapp.TestAMWebServices"": ""irrelevant"", ""org.apache.hadoop.mapreduce.v2.hs.webapp.TestHsWebServicesAttempts"": ""irrelevant"", ""org.apache.hadoop.mapreduce.v2.hs.webapp.TestHsWebServicesJobConf"": ""irrelevant"", ""org.apache.hadoop.yarn.server.resourcemanager.webapp.fairscheduler.TestRMWebServicesFairScheduler"": ""irrelevant"", ""org.apache.hadoop.yarn.server.resourcemanager.webapp.TestRMWebServicesCapacitySchedDynamicConfig"": ""useful"", ""org.apache.hadoop.mapreduce.v2.hs.webapp.TestHsWebServicesLogs"": ""irrelevant"", ""org.apache.hadoop.mapreduce.v2.app.webapp.TestAMWebServicesJobs"": ""irrelevant"", ""org.apache.hadoop.yarn.server.resourcemanager.webapp.TestRMWebServicesAppsCustomResourceTypes"": ""irrelevant"", ""org.apache.hadoop.yarn.server.resourcemanager.webapp.TestRMWebServicesNodes"": ""irrelevant"", ""org.apache.hadoop.yarn.server.resourcemanager.MockRM"": ""irrelevant"", ""org.apache.hadoop.yarn.server.nodemanager.webapp.TestNMWebServicesApps"": ""irrelevant"", ""org.apache.hadoop.mapreduce.v2.app.webapp.TestAMWebServicesTasks"": ""irrelevant"", ""org.apache.hadoop.yarn.server.resourcemanager.webapp.TestRMWebServicesSchedulerActivities"": ""irrelevant"", ""org.apache.hadoop.yarn.server.resourcemanager.webapp.fairscheduler.TestRMWebServicesFairSchedulerCustomResourceTypes"": ""irrelevant"", ""org.apache.hadoop.yarn.server.resourcemanager.webapp.TestRMWebServicesCapacitySchedulerMixedModeAbsoluteAndPercentageAndWeight"": ""required"", ""org.apache.hadoop.yarn.server.resourcemanager.webapp.TestRMWebServicesCapacitySchedDynamicConfigWeightModeDQC"": ""irrelevant"", ""org.apache.hadoop.yarn.server.resourcemanager.webapp.TestRMWebServicesCapacitySched"": ""useful"", ""org.apache.hadoop.yarn.server.resourcemanager.webapp.TestRMWebServicesCapacitySchedulerMixedModeAbsoluteAndWeightVector"": ""useful""}","{""bc_threshold"": 0, ""calls_threshold"": 0}",,Finalized,False
69e1604a5284620f761763e4,69daa5869ef2781f4bc533f7,69daa5869ef2781f4bc533f6,RuslanAbliazov,ghidra.program.model.address.AddressSetViewAdapter,Show the main and supporting classes involved in providing read-only access to an address set,"{""ghidra.program.model.address.AddressSet"": ""required"", ""ghidra.program.model.address.AddressSetViewAdapter"": ""required"", ""ghidra.dbg.jdi.rmi.jpda.JdiConnector"": ""irrelevant"", ""ghidra.trace.database.listing.DBTraceCodeSpace"": ""irrelevant"", ""ghidra.program.model.address.AddressRangeIterator"": ""useful"", ""ghidra.program.model.address.AddressRange"": ""useful"", ""ghidra.program.model.address.AddressRangeImpl"": ""useful"", ""ghidra.app.plugin.exceptionhandlers.gcc.structures.gccexcepttable.LSDAHeader"": ""irrelevant"", ""ghidra.trace.model.ImmutableTraceAddressSnapRange"": ""irrelevant"", ""ghidra.app.plugin.exceptionhandlers.gcc.structures.gccexcepttable.LSDACallSiteTable"": ""irrelevant"", ""ghidra.program.util.AddressCorrelationRange"": ""irrelevant"", ""ghidra.app.util.opinion.MemorySection"": ""irrelevant""}","{""bc_threshold"": 2e-08, ""calls_threshold"": 0.00024558}",,Finalized,False
69e36d105284620f76176444,69daa5ae9ef2781f4bc53400,69daa5ae9ef2781f4bc533ff,RuslanAbliazov,org.apache.flink.runtime.jobmaster.slotpool.BlocklistDeclarativeSlotPool,Show the main and supporting classes responsible for avoiding slot allocation on blocked nodes in BlocklistDeclarativeSlotPool,"{""org.apache.flink.runtime.jobmaster.slotpool.BlocklistDeclarativeSlotPool"": ""required"", ""org.apache.flink.runtime.taskmanager.TaskManagerLocation"": ""required"", ""org.apache.flink.runtime.jobmaster.slotpool.DefaultDeclarativeSlotPool"": ""useful"", ""org.apache.flink.runtime.concurrent.ComponentMainThreadExecutor"": ""irrelevant"", ""org.apache.flink.runtime.clusterframework.types.ResourceProfile"": ""irrelevant"", ""org.apache.flink.runtime.jobmaster.slotpool.AllocatedSlotPool"": ""useful"", ""org.apache.flink.runtime.taskexecutor.slot.SlotOffer"": ""required"", ""org.apache.flink.runtime.clusterframework.types.AllocationID"": ""required"", ""org.apache.flink.runtime.jobmaster.slotpool.AllocatedSlot"": ""useful"", ""org.apache.flink.runtime.jobmaster.slotpool.PhysicalSlot"": ""useful"", ""org.apache.flink.api.common.JobID"": ""irrelevant"", ""org.apache.flink.runtime.messages.Acknowledge"": ""irrelevant"", ""org.apache.flink.runtime.jobmaster.SlotInfo"": ""irrelevant"", ""org.apache.flink.runtime.clusterframework.types.ResourceID"": ""irrelevant"", ""org.apache.flink.runtime.slots.ResourceRequirement"": ""irrelevant"", ""org.apache.flink.runtime.util.ResourceCounter"": ""irrelevant""}","{""bc_threshold"": 0, ""calls_threshold"": 0.01831045}",,Finalized,False
69e3707c5284620f76176532,69daa5b59ef2781f4bc53403,69daa5b59ef2781f4bc53402,RuslanAbliazov,ghidra.framework.main.projectdata.actions.FindCheckoutsAction,Show the main and supporting classes responsible for initiating checkout status display for files selected in ProjectDataTreePanel,"{""ghidra.framework.main.FrontEndPlugin"": ""required"", ""ghidra.framework.main.projectdata.actions.FindCheckoutsAction"": ""required"", ""ghidra.framework.model.ProjectData"": ""required"", ""ghidra.framework.client.RepositoryAdapter"": ""useful"", ""docking.ActionContext"": ""irrelevant"", ""ghidra.app.plugin.core.equate.EquatePlugin"": ""irrelevant"", ""ghidra.framework.main.datatree.FindCheckoutsDialog"": ""irrelevant"", ""ghidra.framework.model.DomainFile"": ""irrelevant"", ""ghidra.framework.model.DomainFolder"": ""irrelevant"", ""ghidra.framework.options.AutoOptionsTest.AnnotatedWithOptionsPlugin"": ""irrelevant"", ""ghidra.framework.plugintool.Plugin"": ""irrelevant""}","{""bc_threshold"": 8.9e-06, ""calls_threshold"": 0}",,Finalized,False
69e372fb5284620f761765c5,69daa5bb9ef2781f4bc53406,69daa5bb9ef2781f4bc53405,RuslanAbliazov,org.apache.hadoop.ha.TestZKFailoverControllerStress,Show the main and supporting classes involved in automatic failovers of ZKFailoverController while ensuring exclusive shared resource ownership,"{""org.apache.hadoop.ha.TestZKFailoverControllerStress"": ""required"", ""org.apache.hadoop.ha.MiniZKFCCluster"": ""required"", ""org.apache.hadoop.ha.DummyHAService"": ""required"", ""org.apache.hadoop.conf.Configuration"": ""useful"", ""org.apache.hadoop.conf.TestConfigurationSubclass.SubConf"": ""irrelevant"", ""org.apache.hadoop.yarn.server.resourcemanager.scheduler.fair.FairSchedulerConfiguration"": ""irrelevant"", ""org.apache.hadoop.yarn.server.resourcemanager.reservation.ReservationSchedulerConfiguration"": ""irrelevant"", ""org.apache.hadoop.yarn.server.resourcemanager.RMHATestBase"": ""irrelevant"", ""org.apache.hadoop.yarn.client.ProtocolHATestBase"": ""irrelevant"", ""org.apache.hadoop.hdfs.HdfsConfiguration"": ""irrelevant"", ""org.apache.hadoop.yarn.conf.YarnConfiguration"": ""irrelevant""}","{""bc_threshold"": 3.1e-07, ""calls_threshold"": 0}",,Finalized,False
69e375485284620f7617662c,69dc12f39ef2781f4bc53409,69dc12f39ef2781f4bc53408,RuslanAbliazov,org.apache.flink.table.runtime.operators.join.stream.utils.AssociatedRecords,Show the main and supporting classes involved in wrapping and providing access to records associated with an input row,"{""org.apache.flink.table.runtime.operators.join.stream.utils.AssociatedRecords"": ""required"", ""org.apache.flink.table.runtime.operators.join.stream.utils.OuterRecord"": ""required"", ""org.apache.flink.table.runtime.operators.join.stream.asyncprocessing.state.JoinRecordAsyncStateView"": ""irrelevant"", ""org.apache.flink.table.runtime.operators.join.stream.asyncprocessing.state.OuterJoinRecordAsyncStateView"": ""irrelevant"", ""org.apache.flink.table.runtime.generated.JoinCondition"": ""irrelevant"", ""org.apache.flink.table.runtime.operators.join.stream.state.JoinRecordStateView"": ""irrelevant"", ""org.apache.flink.table.runtime.operators.join.stream.state.OuterJoinRecordStateView"": ""irrelevant"", ""org.apache.flink.streaming.runtime.streamrecord.StreamRecord"": ""irrelevant"", ""org.apache.flink.table.runtime.operators.join.stream.asyncprocessing.AsyncStateStreamingJoinOperator.AsyncStateJoinHelper"": ""irrelevant"", ""org.apache.flink.table.data.utils.JoinedRowData"": ""irrelevant"", ""org.apache.flink.api.common.state.v2.StateFuture"": ""irrelevant"", ""org.apache.flink.api.java.tuple.Tuple2"": ""irrelevant""}","{""bc_threshold"": 0, ""calls_threshold"": 0.00041615}",,Finalized,False
69e37b315284620f761766a1,69dc12fd9ef2781f4bc5340c,69dc12fd9ef2781f4bc5340b,RuslanAbliazov,org.apache.flink.streaming.api.functions.windowing.delta.extractor.Extractor,Show the main and supporting classes responsible for extracting or converting one data type to another,"{""org.apache.flink.streaming.api.functions.windowing.delta.extractor.Extractor"": ""required"", ""org.apache.flink.streaming.api.functions.windowing.delta.extractor.FieldsFromArray"": ""useful"", ""org.apache.flink.streaming.api.functions.windowing.delta.extractor.FieldFromTuple"": ""useful"", ""org.apache.flink.streaming.api.functions.windowing.delta.extractor.FieldFromArray"": ""useful"", ""org.apache.flink.streaming.api.functions.windowing.delta.extractor.ConcatenatedExtract"": ""useful"", ""org.apache.flink.streaming.api.functions.windowing.delta.extractor.FieldsFromTuple"": ""useful"", ""org.apache.flink.streaming.api.functions.windowing.delta.extractor.ArrayFromTuple"": ""useful"", ""org.apache.flink.streaming.api.functions.windowing.delta.extractor.ConcatenatedExtractTest"": ""irrelevant"", ""org.apache.flink.api.java.tuple.Tuple7"": ""irrelevant"", ""org.apache.flink.api.java.tuple.Tuple8"": ""irrelevant"", ""org.apache.flink.api.java.tuple.Tuple5"": ""irrelevant"", ""org.apache.flink.api.java.tuple.Tuple2"": ""irrelevant"", ""org.apache.flink.api.java.tuple.Tuple25"": ""irrelevant"", ""org.apache.flink.api.java.tuple.Tuple3"": ""irrelevant"", ""org.apache.flink.api.java.tuple.Tuple12"": ""irrelevant"", ""org.apache.flink.api.java.tuple.Tuple4"": ""irrelevant"", ""org.apache.flink.api.java.tuple.Tuple"": ""irrelevant"", ""org.apache.flink.api.java.tuple.Tuple23"": ""irrelevant"", ""org.apache.flink.api.java.tuple.Tuple21"": ""irrelevant"", ""org.apache.flink.api.java.tuple.Tuple6"": ""irrelevant"", ""org.apache.flink.api.java.tuple.Tuple20"": ""irrelevant"", ""org.apache.flink.streaming.api.functions.windowing.delta.CosineDistance"": ""irrelevant"", ""org.apache.flink.api.java.tuple.Tuple15"": ""irrelevant"", ""org.apache.flink.api.java.tuple.Tuple24"": ""irrelevant"", ""org.apache.flink.api.java.tuple.Tuple13"": ""irrelevant"", ""org.apache.flink.api.java.tuple.Tuple22"": ""irrelevant"", ""org.apache.flink.streaming.api.functions.windowing.delta.ExtractionAwareDeltaFunction"": ""irrelevant"", ""org.apache.flink.api.java.tuple.Tuple10"": ""irrelevant"", ""org.apache.flink.streaming.api.functions.windowing.delta.DeltaFunction"": ""irrelevant"", ""org.apache.flink.streaming.api.functions.windowing.delta.EuclideanDistance"": ""irrelevant""}","{""bc_threshold"": 0, ""calls_threshold"": 0}",,Finalized,False
69e37bc05284620f76176716,69dc130a9ef2781f4bc5340f,69dc130a9ef2781f4bc5340e,RuslanAbliazov,ghidra.framework.protocol.ghidra.GhidraProtocolHandler,Show the main and supporting classes responsible for providing the extension point for Ghidra protocol extensions via Ghidra URLs,"{""ghidra.framework.protocol.ghidra.GhidraProtocolHandler"": ""required"", ""ghidra.framework.protocol.ghidra.Handler"": ""required"", ""ghidra.framework.protocol.ghidra.DefaultGhidraProtocolHandler"": ""required"", ""ghidra.framework.protocol.ghidra.GhidraProtocolConnector"": ""required"", ""ghidra.app.plugin.core.checksums.ChecksumAlgorithm"": ""irrelevant"", ""sarif.handlers.SarifRunHandler"": ""irrelevant"", ""ghidra.app.plugin.core.reloc.RelocationFixupHandler"": ""irrelevant"", ""ghidra.file.crypto.Decryptor"": ""irrelevant"", ""ghidra.framework.ModuleInitializer"": ""irrelevant"", ""ghidra.debug.api.emulation.EmulatorFactory"": ""irrelevant"", ""ghidra.app.util.viewer.field.FieldFactory"": ""irrelevant"", ""ghidra.app.plugin.core.overview.OverviewColorService"": ""irrelevant"", ""ghidra.app.util.viewer.field.FieldMouseHandlerExtension"": ""irrelevant"", ""ghidra.app.services.Analyzer"": ""irrelevant"", ""ghidra.framework.plugintool.util.PluginPackage"": ""irrelevant"", ""ghidra.features.base.replace.SearchAndReplaceHandler"": ""irrelevant"", ""ghidra.util.classfinder.ExtensionPoint"": ""irrelevant"", ""ghidra.app.util.exporter.Exporter"": ""irrelevant"", ""ghidra.app.analyzers.PatternConstraint"": ""irrelevant"", ""ghidra.framework.plugintool.Plugin"": ""irrelevant"", ""ghidra.app.util.bin.format.coff.relocation.CoffRelocationHandler"": ""irrelevant"", ""ghidra.graph.viewer.layout.LayoutProviderExtensionPoint"": ""irrelevant"", ""ghidra.app.util.recognizer.Recognizer"": ""irrelevant"", ""ghidra.debug.spi.tracermi.TraceRmiLaunchOpinion"": ""irrelevant"", ""ghidra.program.util.DiscoverableAddressCorrelator"": ""irrelevant"", ""ghidra.util.search.InstructionSkipper"": ""irrelevant"", ""ghidra.feature.vt.api.main.VTProgramCorrelatorFactory"": ""irrelevant"", ""ghidra.framework.cmd.BinaryAnalysisCommand"": ""irrelevant"", ""docking.widgets.table.constraint.ColumnConstraintProvider"": ""irrelevant"", ""ghidra.program.model.reloc.RelocationHandler"": ""irrelevant""}","{""bc_threshold"": 0, ""calls_threshold"": 0}",,Finalized,False
69e37dc45284620f761767a2,69dc131e9ef2781f4bc53412,69dc131e9ef2781f4bc53411,RuslanAbliazov,ghidra.program.model.listing.InstructionStub,Show the main and supporting classes involved in providing fallback Instruction interface implementations for testing,"{""ghidra.program.model.listing.Instruction"": ""required"", ""ghidra.app.util.PseudoInstruction"": ""required"", ""ghidra.program.model.listing.InstructionStub"": ""required"", ""ghidra.program.model.listing.CodeUnit"": ""irrelevant"", ""ghidra.program.model.lang.InstructionPrototype"": ""irrelevant"", ""ghidra.program.model.pcode.PcodeOp"": ""irrelevant"", ""ghidra.program.model.symbol.Symbol"": ""irrelevant"", ""ghidra.program.model.listing.Program"": ""irrelevant""}","{""bc_threshold"": 1.802e-05, ""calls_threshold"": 0.00380648}",,Finalized,False
69e37fbf5284620f7617680d,69dc132b9ef2781f4bc53415,69dc132b9ef2781f4bc53414,RuslanAbliazov,org.jkiss.dbeaver.model.qm.QMExecutionHandler,Show the main and supporting classes involved in handling query execution events during DBC operations,"{""org.jkiss.dbeaver.model.qm.QMExecutionHandler"": ""required"", ""org.jkiss.dbeaver.runtime.qm.QMRegistryImpl"": ""irrelevant"", ""org.jkiss.dbeaver.runtime.qm.QMRegistryImpl.DefaultEventBrowser"": ""irrelevant"", ""org.jkiss.dbeaver.model.qm.QMEventBrowser"": ""irrelevant"", ""org.jkiss.dbeaver.model.runtime.features.DBRFeature"": ""irrelevant"", ""org.jkiss.dbeaver.model.DBPTransactionIsolation"": ""irrelevant"", ""org.jkiss.dbeaver.model.exec.DBCSavepoint"": ""required"", ""org.jkiss.dbeaver.model.exec.DBCExecutionContext"": ""required"", ""org.jkiss.dbeaver.model.exec.DBCSession"": ""required"", ""org.jkiss.dbeaver.model.exec.DBCStatement"": ""required"", ""org.jkiss.dbeaver.model.exec.DBCResultSet"": ""required"", ""org.jkiss.dbeaver.model.qm.meta.QMMConnectionInfo"": ""irrelevant"", ""org.jkiss.dbeaver.ui.controls.txn.TransactionMonitorToolbar.QMEventsHandler"": ""irrelevant"", ""org.jkiss.dbeaver.ext.postgresql.model.plan.PostgrePlanNodeBase"": ""irrelevant"", ""org.jkiss.dbeaver.model.sql.analyzer.builder.request.RequestBuilder.DataSource"": ""irrelevant"", ""org.jkiss.dbeaver.model.DBPDataSource"": ""irrelevant"", ""org.jkiss.dbeaver.model.sql.parser.SQLParserContext"": ""irrelevant"", ""org.jkiss.dbeaver.Log"": ""irrelevant"", ""org.jkiss.dbeaver.model.sql.semantics.context.SQLQueryConnectionDummyContext.DummyDbObject"": ""irrelevant""}","{""bc_threshold"": 0, ""calls_threshold"": 0.00121951}",,Finalized,False
69e3814d5284620f7617687b,69dc13389ef2781f4bc53418,69dc13389ef2781f4bc53417,RuslanAbliazov,org.nd4j.linalg.minimal.bindings.Nd4jMinimal.scatter_nd_sub,Show the main and supporting classes involved in subtracting update elements from an input array at specified indices,"{""org.nd4j.linalg.minimal.bindings.Nd4jMinimal.Context"": ""required"", ""org.nd4j.linalg.minimal.bindings.Nd4jMinimal.ShapeList"": ""irrelevant"", ""org.nd4j.linalg.minimal.bindings.Nd4jMinimal.DeclarableOp"": ""irrelevant"", ""org.nd4j.linalg.minimal.bindings.Nd4jMinimal.scatter_nd_sub"": ""irrelevant"", ""org.nd4j.linalg.minimal.bindings.Nd4jMinimal.BooleanOp"": ""irrelevant"", ""org.nd4j.linalg.minimal.bindings.Nd4jMinimal.LogicOp"": ""irrelevant""}","{""bc_threshold"": 3.983e-05, ""calls_threshold"": 0}",,Finalized,False
69e382b25284620f761768d7,69dc13479ef2781f4bc5341b,69dc13479ef2781f4bc5341a,RuslanAbliazov,org.apache.flink.test.streaming.runtime.BroadcastStateITCase.TestKeyedBroadcastProcessFunction,Show the main and supporting classes involved in storing elements in broadcast state and verifying results via timer firing,"{""org.apache.flink.test.streaming.runtime.BroadcastStateITCase.TestKeyedBroadcastProcessFunction"": ""required"", ""org.apache.flink.streaming.api.functions.co.KeyedBroadcastProcessFunction"": ""required"", ""org.apache.flink.streaming.api.operators.co.CoBroadcastWithKeyedOperator.OnTimerContextImpl"": ""useful"", ""org.apache.flink.api.common.state.MapStateDescriptor"": ""required"", ""org.apache.flink.streaming.api.functions.co.BaseBroadcastProcessFunction"": ""useful"", ""org.apache.flink.streaming.api.transformations.KeyedBroadcastStateTransformation"": ""irrelevant"", ""org.apache.flink.streaming.api.datastream.BroadcastConnectedStream"": ""irrelevant"", ""org.apache.flink.streaming.api.operators.co.CoBroadcastWithKeyedOperator.ReadWriteContextImpl"": ""irrelevant"", ""org.apache.flink.streaming.api.functions.co.KeyedBroadcastProcessFunction.ReadOnlyContext"": ""irrelevant"", ""org.apache.flink.api.common.state.StateDescriptor"": ""irrelevant""}","{""bc_threshold"": 3e-08, ""calls_threshold"": 0}",,Finalized,False
69e3867a5284620f76176952,69dc135d9ef2781f4bc5341e,69dc135d9ef2781f4bc5341d,RuslanAbliazov,org.apache.hadoop.yarn.server.resourcemanager.webapp.TestRMWebServicesCapacitySchedulerMixedModeAbsoluteAndPercentageVector,Show the main and supporting classes involved in configuring queues for capacity scheduler testing with mixed absolute and percentage modes,"{""org.apache.hadoop.yarn.server.resourcemanager.webapp.TestRMWebServicesCapacitySchedulerMixedModeAbsoluteAndPercentageVector"": ""required"", ""org.apache.hadoop.conf.Configuration"": ""required""}","{""bc_threshold"": 0.00180485, ""calls_threshold"": 0}",,Finalized,False
69e4dafe5284620f76176997,69dc13899ef2781f4bc5342a,69dc13899ef2781f4bc53429,RuslanAbliazov,org.apache.hadoop.hdfs.server.namenode.sps.DatanodeCacheManager,Show the main and supporting classes involved in caching and periodically refreshing datanode storage reports,"{""org.apache.hadoop.hdfs.server.namenode.sps.DatanodeCacheManager"": ""required"", ""org.apache.hadoop.hdfs.server.protocol.DatanodeStorageReport"": ""required"", ""org.apache.hadoop.hdfs.server.protocol.StorageReport"": ""required"", ""org.apache.hadoop.hdfs.protocol.DatanodeInfo"": ""useful"", ""org.apache.hadoop.net.NetworkTopology"": ""irrelevant"", ""org.apache.hadoop.hdfs.server.blockmanagement.DatanodeManager"": ""irrelevant"", ""org.apache.hadoop.hdfs.net.DFSNetworkTopology"": ""irrelevant"", ""org.apache.hadoop.hdfs.server.blockmanagement.BlockPlacementPolicyDefault"": ""irrelevant"", ""org.apache.hadoop.hdfs.server.namenode.sps.StoragePolicySatisfier.DatanodeWithStorage"": ""irrelevant"", ""org.apache.hadoop.hdfs.server.namenode.sps.StoragePolicySatisfier"": ""irrelevant""}","{""bc_threshold"": 4e-08, ""calls_threshold"": 0.00055105}",,Finalized,False
69e4df7b5284620f76176a67,69dc13919ef2781f4bc5342d,69dc13919ef2781f4bc5342c,RuslanAbliazov,ghidra.program.model.symbol.ExternalLocation,Show the main and supporting classes responsible for defining locations within external programs identified by name and label or address,"{""ghidra.program.model.symbol.ExternalLocation"": ""required"", ""ghidra.program.model.symbol.Symbol"": ""required"", ""ghidra.program.database.external.ExternalLocationDB"": ""useful"", ""ghidra.app.plugin.core.gotoquery.GoToHelper"": ""irrelevant"", ""ghidra.app.util.navigation.GoToServiceImpl"": ""irrelevant"", ""ghidra.app.plugin.core.symboltree.EditExternalLocationDialog"": ""irrelevant"", ""ghidra.app.plugin.core.symboltree.EditExternalLocationPanel"": ""irrelevant"", ""ghidra.trace.database.program.AbstractDBTraceProgramViewReferenceManager"": ""irrelevant"", ""ghidra.program.util.ProgramDiff"": ""irrelevant"", ""ghidra.app.plugin.core.symboltree.nodes.SymbolNode"": ""irrelevant"", ""sarif.managers.SarifMgr"": ""irrelevant"", ""ghidra.program.util.ProgramMerge"": ""irrelevant"", ""ghidra.program.model.FunctionTestDouble"": ""irrelevant""}","{""bc_threshold"": 3.5e-07, ""calls_threshold"": 0}",,Finalized,False
69e4e0b25284620f76176aa7,69dc139c9ef2781f4bc53430,69dc139c9ef2781f4bc5342f,RuslanAbliazov,ghidra.debug.api.progress.MonitorReceiver,Show the main and supporting classes involved in receiving and monitoring published task status for user cancellation,"{""ghidra.app.plugin.core.debug.service.progress.DefaultMonitorReceiver"": ""required"", ""ghidra.debug.api.progress.MonitorReceiver"": ""required"", ""ghidra.util.task.CancelledListener"": ""required"", ""ghidra.util.datastruct.ListenerSet"": ""required"", ""ghidra.app.plugin.core.debug.service.progress.DefaultCloseableTaskMonitor.State"": ""irrelevant"", ""ghidra.app.plugin.core.analysis.AutoAnalysisManager.AnalysisWorkerCommand.WorkerBlockerTask"": ""irrelevant"", ""ghidra.file.formats.ios.dmg.DmgClientFileSystem"": ""irrelevant"", ""ghidra.util.task.WrappingTaskMonitor"": ""irrelevant"", ""ghidra.util.task.TaskMonitorAdapter"": ""irrelevant"", ""generic.concurrent.ConcurrentQ.QMonitorAdapter"": ""irrelevant"", ""ghidra.file.jad.JadProcessController"": ""irrelevant"", ""ghidra.app.decompiler.DecompInterface"": ""irrelevant"", ""ghidra.util.task.TaskMonitorComponent"": ""irrelevant"", ""generic.concurrent.FutureTaskMonitor"": ""irrelevant"", ""ghidra.framework.task.GTaskMonitor"": ""irrelevant"", ""ghidra.framework.task.gui.GProgressBar"": ""irrelevant"", ""ghidra.app.plugin.core.analysis.AnalyzeAllOpenProgramsTask"": ""irrelevant"", ""ghidra.util.task.TaskMonitorSplitter.SubTaskMonitor"": ""irrelevant"", ""ghidra.app.plugin.core.analysis.AutoAnalysisManager.AnalysisWorkerCommand"": ""irrelevant""}","{""bc_threshold"": 0, ""calls_threshold"": 0.00012279}",,Finalized,False
69e4e4995284620f76176b24,69dc13a29ef2781f4bc53433,69dc13a29ef2781f4bc53432,RuslanAbliazov,org.apache.hadoop.fs.s3a.impl.streams.StreamFactoryRequirements,Show the main and supporting classes involved in declaring threading and vector IO requirements for stream factories and filesystem adaptation,"{""org.apache.hadoop.fs.s3a.impl.streams.StreamFactoryRequirements"": ""required"", ""org.apache.hadoop.fs.FileSystem"": ""required"", ""org.apache.hadoop.fs.s3a.S3AFileSystem"": ""required"", ""org.apache.hadoop.fs.s3a.impl.streams.ObjectInputStreamFactory"": ""irrelevant"", ""org.apache.hadoop.fs.s3a.impl.streams.ObjectReadParameters"": ""irrelevant"", ""org.apache.hadoop.fs.s3a.S3AReadOpContext"": ""irrelevant"", ""org.apache.hadoop.fs.s3a.impl.streams.ObjectInputStream"": ""irrelevant"", ""org.apache.hadoop.conf.Configuration"": ""useful"", ""org.apache.hadoop.service.Service"": ""irrelevant"", ""org.apache.hadoop.fs.s3a.S3AInstrumentation"": ""irrelevant""}","{""bc_threshold"": 8.08e-06, ""calls_threshold"": 0}",,Finalized,False
69e4e8555284620f76176b69,69dc13c29ef2781f4bc53436,69dc13c29ef2781f4bc53435,RuslanAbliazov,org.apache.hadoop.fs.s3a.audit.TestLoggingAuditor,Show the main and supporting classes involved in detecting unaudited operations by throwing exceptions on unaudited spans,"{""org.apache.hadoop.fs.s3a.audit.TestLoggingAuditor"": ""required"", ""org.apache.hadoop.fs.s3a.audit.impl.LoggingAuditor"": ""required"", ""org.apache.hadoop.fs.s3a.audit.AuditSpanS3A"": ""required"", ""org.apache.hadoop.conf.Configuration"": ""useful"", ""org.apache.hadoop.fs.s3a.WriteOperationHelper"": ""irrelevant"", ""org.apache.hadoop.fs.s3a.api.RequestFactory"": ""irrelevant"", ""org.apache.hadoop.fs.statistics.impl.IOStatisticsStore"": ""irrelevant"", ""org.apache.hadoop.fs.s3a.audit.impl.AbstractOperationAuditor"": ""irrelevant"", ""org.apache.hadoop.fs.s3a.S3AReadOpContext"": ""irrelevant"", ""org.apache.hadoop.fs.s3a.impl.streams.ObjectReadParameters"": ""irrelevant"", ""org.apache.hadoop.fs.s3a.impl.AbstractStoreOperation"": ""irrelevant"", ""org.apache.hadoop.fs.s3a.audit.AuditManagerS3A"": ""irrelevant""}","{""bc_threshold"": 5.7e-07, ""calls_threshold"": 0}",,Finalized,False
69e5087a5284620f76176bd9,69dc13cb9ef2781f4bc53439,69dc13cb9ef2781f4bc53438,RuslanAbliazov,org.apache.hadoop.yarn.api.records.UpdateContainerError,Show the main and supporting classes involved in notifying ApplicationMaster of UpdateContainerRequest failures with reasons,"{""org.apache.hadoop.yarn.api.records.UpdateContainerError"": ""required"", ""org.apache.hadoop.yarn.server.resourcemanager.scheduler.SchedulerApplicationAttempt"": ""required"", ""org.apache.hadoop.yarn.api.records.PreemptionMessage"": ""irrelevant"", ""org.apache.hadoop.yarn.api.records.impl.pb.RejectedSchedulingRequestPBImpl"": ""irrelevant"", ""org.apache.hadoop.yarn.api.records.RejectedSchedulingRequest"": ""irrelevant"", ""org.apache.hadoop.yarn.api.records.ContainerStatus"": ""irrelevant"", ""org.apache.hadoop.yarn.api.protocolrecords.AllocateResponse"": ""irrelevant"", ""org.apache.hadoop.yarn.api.records.NMToken"": ""irrelevant"", ""org.apache.hadoop.yarn.api.protocolrecords.impl.pb.AllocateResponsePBImpl"": ""irrelevant"", ""org.apache.hadoop.yarn.api.records.CollectorInfo"": ""irrelevant"", ""org.apache.hadoop.yarn.api.records.NodeReport"": ""irrelevant"", ""org.apache.hadoop.yarn.api.records.Resource"": ""irrelevant"", ""org.apache.hadoop.yarn.api.records.impl.pb.ContainerPBImpl"": ""irrelevant"", ""org.apache.hadoop.yarn.api.records.Container"": ""irrelevant""}","{""bc_threshold"": 1.2e-07, ""calls_threshold"": 0}",,Finalized,False
69e50a3a5284620f76176c5a,69dc13d79ef2781f4bc5343c,69dc13d79ef2781f4bc5343b,RuslanAbliazov,ghidra.graph.viewer.vertex.VertexClickListener,Show the main and supporting classes involved in notifying clients of vertex clicks without requiring direct mouse plugin interaction,"{""ghidra.graph.viewer.vertex.VertexClickListener"": ""required"", ""ghidra.graph.viewer.layout.GridLocationMapTest.V"": ""required"", ""ghidra.graph.viewer.VisualGraphView"": ""useful"", ""ghidra.graph.viewer.VisualGraphViewUpdater"": ""useful"", ""ghidra.graph.viewer.GraphViewer"": ""useful"", ""ghidra.app.plugin.core.functiongraph.FGProvider"": ""irrelevant"", ""ghidra.app.plugin.core.functiongraph.mvc.FGView"": ""irrelevant"", ""ghidra.app.plugin.core.functiongraph.graph.FGComponent"": ""irrelevant"", ""ghidra.graph.viewer.GraphComponent"": ""useful""}","{""bc_threshold"": 3.68e-06, ""calls_threshold"": 0.00024558}",,Finalized,False
69e50d755284620f76176cbd,69dc13e39ef2781f4bc5343f,69dc13e39ef2781f4bc5343e,RuslanAbliazov,org.apache.hadoop.tools.dynamometer.workloadgenerator.WorkloadDriver,Show the main and supporting classes involved in launching map-only jobs for generating generic workloads against a NameNode,"{""org.apache.hadoop.tools.dynamometer.workloadgenerator.WorkloadDriver"": ""required"", ""org.apache.hadoop.tools.dynamometer.workloadgenerator.WorkloadMapper"": ""required"", ""org.apache.hadoop.mapreduce.Job"": ""required"", ""org.apache.hadoop.util.Tool"": ""useful"", ""org.apache.hadoop.conf.Configurable"": ""useful"", ""org.apache.hadoop.conf.Configuration"": ""useful"", ""org.apache.hadoop.fs.slive.SliveTest"": ""irrelevant"", ""org.apache.hadoop.examples.WordMedian"": ""irrelevant"", ""org.apache.hadoop.hdfs.tools.ECAdmin"": ""irrelevant"", ""org.apache.hadoop.conf.Configured"": ""irrelevant"", ""org.apache.hadoop.tools.HadoopArchiveLogsRunner"": ""irrelevant"", ""org.apache.hadoop.tools.dynamometer.blockgenerator.GenerateBlockImagesDriver"": ""irrelevant"", ""org.apache.hadoop.mapreduce.lib.output.committer.manifest.files.ManifestPrinter"": ""irrelevant"", ""org.apache.hadoop.hdfs.tools.federation.RouterAdmin"": ""irrelevant""}","{""bc_threshold"": 7e-08, ""calls_threshold"": 0}",,Finalized,False
69e50f255284620f76176d69,69dc13ec9ef2781f4bc53442,69dc13ec9ef2781f4bc53441,RuslanAbliazov,org.apache.hadoop.fs.s3a.audit.AuditFailureException,Show the main and supporting classes involved in wrapping audit failures as CredentialInitializationException for proper exception translation to AccessDeniedException,"{""org.apache.hadoop.fs.s3a.CredentialInitializationException"": ""required"", ""org.apache.hadoop.fs.s3a.audit.AuditFailureException"": ""required"", ""org.apache.hadoop.fs.s3a.audit.AuditOperationRejectedException"": ""useful"", ""org.apache.hadoop.fs.s3a.auth.NoAuthWithAWSException"": ""irrelevant"", ""org.apache.hadoop.fs.s3a.auth.NoAwsCredentialsException"": ""irrelevant"", ""org.apache.hadoop.fs.s3a.S3ARetryPolicy"": ""irrelevant"", ""org.apache.hadoop.fs.s3a.AWSApiCallTimeoutException"": ""irrelevant"", ""org.apache.hadoop.fs.s3a.api.UnsupportedRequestException"": ""irrelevant"", ""org.apache.hadoop.io.retry.RetryPolicy"": ""irrelevant"", ""org.apache.hadoop.fs.s3a.AWSServiceIOException"": ""irrelevant"", ""org.apache.hadoop.fs.s3a.AWSS3IOException"": ""irrelevant"", ""org.apache.hadoop.fs.s3a.AWSRedirectException"": ""irrelevant"", ""org.apache.hadoop.fs.s3a.TestS3AExceptionTranslation"": ""irrelevant"", ""org.apache.hadoop.fs.statistics.impl.IOStatisticsStore"": ""irrelevant"", ""org.apache.hadoop.fs.s3a.audit.AWSAuditEventCallbacks"": ""irrelevant"", ""org.apache.hadoop.fs.s3a.audit.AuditSpanS3A"": ""irrelevant"", ""org.apache.hadoop.conf.Configuration"": ""irrelevant"", ""org.apache.hadoop.fs.s3a.audit.OperationAuditorOptions"": ""irrelevant"", ""org.apache.hadoop.service.Service"": ""irrelevant"", ""org.apache.hadoop.fs.s3a.audit.OperationAuditor"": ""irrelevant"", ""org.apache.hadoop.fs.s3a.audit.AuditManagerS3A"": ""irrelevant"", ""org.apache.hadoop.fs.s3a.audit.impl.ActiveAuditManagerS3A"": ""irrelevant"", ""org.apache.hadoop.fs.s3a.audit.impl.NoopAuditManagerS3A"": ""irrelevant"", ""org.apache.hadoop.fs.s3a.audit.AbstractAuditingTest"": ""irrelevant"", ""org.apache.hadoop.fs.s3a.audit.AuditIntegration"": ""irrelevant"", ""org.apache.hadoop.fs.store.audit.ActiveThreadSpanSource"": ""irrelevant"", ""org.apache.hadoop.fs.store.audit.AuditSpanSource"": ""irrelevant"", ""org.apache.hadoop.test.AbstractHadoopTestBase"": ""irrelevant"", ""org.apache.hadoop.fs.s3a.TestS3AAWSCredentialsProvider"": ""irrelevant"", ""org.apache.hadoop.fs.s3a.S3AFileSystem"": ""irrelevant""}","{""bc_threshold"": 0, ""calls_threshold"": 0}",,Finalized,False
69e511705284620f76176e17,69dc13f39ef2781f4bc53445,69dc13f39ef2781f4bc53444,RuslanAbliazov,org.apache.flink.api.common.operators.CompilerHints,Show the main and supporting classes involved in providing behavior hints to the compiler for estimating intermediate result sizes,"{""org.apache.flink.api.common.operators.Operator"": ""required"", ""org.apache.flink.api.common.operators.CompilerHints"": ""required"", ""org.apache.flink.api.common.operators.util.FieldSet"": ""useful"", ""org.apache.flink.api.common.operators.util.FieldList"": ""irrelevant"", ""org.apache.flink.api.common.operators.Ordering"": ""irrelevant"", ""org.apache.flink.configuration.Configuration"": ""irrelevant"", ""org.apache.flink.api.common.operators.GenericDataSinkBase"": ""irrelevant"", ""org.apache.flink.api.common.Plan.MaxDopVisitor"": ""irrelevant"", ""org.apache.flink.api.common.operators.GenericDataSourceBase"": ""irrelevant"", ""org.apache.flink.api.common.operators.base.BulkIterationBase"": ""irrelevant"", ""org.apache.flink.api.common.operators.base.DeltaIterationBase"": ""irrelevant"", ""org.apache.flink.api.common.operators.CollectionExecutor.DynamicPathCollector"": ""irrelevant"", ""org.apache.flink.api.common.operators.SingleInputOperator"": ""irrelevant"", ""org.apache.flink.api.common.operators.Union"": ""irrelevant"", ""org.apache.flink.api.common.operators.OperatorInformation"": ""irrelevant"", ""org.apache.flink.api.common.operators.ResourceSpec"": ""irrelevant"", ""org.apache.flink.api.common.operators.DualInputOperator"": ""irrelevant"", ""org.apache.flink.api.common.operators.DualInputSemanticProperties"": ""irrelevant"", ""org.apache.flink.api.common.operators.SingleInputSemanticProperties"": ""irrelevant""}","{""bc_threshold"": 0, ""calls_threshold"": 0.00041615}",,Finalized,False
69e515105284620f76176ed9,69dc14019ef2781f4bc5344b,69dc14019ef2781f4bc5344a,RuslanAbliazov,ghidra.graph.viewer.layout.GridPoint,Show the main and supporting classes responsible for storing row and column information for points in a GridLocationMap to simplify grid-to-layout space translation,"{""ghidra.graph.viewer.layout.GridPoint"": ""required"", ""ghidra.graph.viewer.layout.GridLocationMap"": ""required"", ""ghidra.graph.viewer.layout.GridLocationMapTest.V"": ""required"", ""ghidra.graph.viewer.layout.Row"": ""useful"", ""ghidra.graph.viewer.layout.Column"": ""useful"", ""ghidra.graph.viewer.layout.LayoutLocationMap"": ""useful"", ""ghidra.app.plugin.core.functiongraph.graph.layout.jungrapht.JgtNamedLayout"": ""irrelevant"", ""ghidra.app.plugin.core.functiongraph.graph.layout.flowchart.AbstractFlowChartLayoutTest.TestFlowChartLayout"": ""irrelevant"", ""ghidra.graph.algo.viewer.TestGraphAlgorithmSteppingViewerPanel.TestGraphLayout"": ""irrelevant"", ""ghidra.graph.graphs.TestEdge"": ""irrelevant"", ""functioncalls.graph.layout.BowTieLayout"": ""irrelevant"", ""ghidra.app.plugin.core.functiongraph.graph.layout.DecompilerNestedLayout"": ""irrelevant"", ""ghidra.app.plugin.core.functiongraph.graph.layout.flowchart.RowSegment"": ""useful"", ""ghidra.app.plugin.core.functiongraph.graph.layout.flowchart.ColumnSegment"": ""useful"", ""ghidra.app.plugin.core.functiongraph.graph.layout.flowchart.EdgeSegmentMap"": ""useful"", ""ghidra.app.plugin.core.functiongraph.graph.layout.flowchart.OrthogonalGridToLayoutMapper"": ""useful""}","{""bc_threshold"": 1e-08, ""calls_threshold"": 0.00012279}",,Finalized,False
69e522a55284620f76176fe5,69dc140b9ef2781f4bc5344e,69dc140b9ef2781f4bc5344d,RuslanAbliazov,ghidra.features.base.memsearch.gui.MemoryScanControlPanel,Show the main and supporting classes involved in managing controls for the memory scan feature via a detachable internal panel,"{""ghidra.features.base.memsearch.gui.MemoryScanControlPanel"": ""required"", ""docking.widgets.button.GRadioButton"": ""required"", ""ghidra.app.merge.listing.VerticalChoicesPanel.MyRadioButton"": ""irrelevant"", ""ghidra.app.plugin.core.misc.RegisterField"": ""irrelevant"", ""ghidra.app.plugin.core.instructionsearch.ui.SelectionScopeWidget"": ""irrelevant"", ""ghidra.app.merge.listing.VariousChoicesPanel.MyRadioButton"": ""irrelevant"", ""ghidra.feature.vt.gui.provider.matchtable.ApplyMarkupPropertyEditor"": ""irrelevant"", ""docking.widgets.textfield.IntegerTextField"": ""irrelevant"", ""ghidra.app.merge.listing.VerticalChoicesPanel"": ""irrelevant"", ""ghidra.app.merge.listing.VariousChoicesPanel"": ""irrelevant"", ""ghidra.app.plugin.core.instructionsearch.ui.SearchDirectionWidget"": ""irrelevant"", ""docking.widgets.filter.FilterOptionsEditorDialog.MultiTermPanel"": ""irrelevant"", ""docking.widgets.filter.FilterOptionsEditorDialog.FilterStrategyPanel"": ""irrelevant"", ""ghidra.app.merge.memory.CommentsConflictPanel"": ""irrelevant"", ""ghidra.program.database.mem.FileBytes"": ""irrelevant"", ""ghidra.features.bsim.gui.search.dialog.CreateBsimServerInfoDialog"": ""irrelevant"", ""ghidra.framework.project.tool.SelectChangedToolDialog"": ""irrelevant"", ""ghidra.features.bsim.gui.search.dialog.CreateBsimServerInfoDialog.FilePanel"": ""irrelevant"", ""ghidra.features.bsim.gui.search.dialog.CreateBsimServerInfoDialog.DbPanel"": ""irrelevant"", ""ghidra.features.bsim.gui.search.dialog.CreateBsimServerInfoDialog.ServerPanel"": ""irrelevant"", ""ghidra.framework.plugintool.PluginTool"": ""irrelevant"", ""ghidra.features.bsim.gui.search.dialog.BSimServerDialog"": ""irrelevant"", ""ghidra.program.model.address.Address"": ""irrelevant"", ""ghidra.program.model.listing.Program"": ""irrelevant"", ""ghidra.app.util.AddressInput"": ""irrelevant"", ""ghidra.app.plugin.core.memory.MemoryMapProvider2Test"": ""irrelevant"", ""ghidra.app.plugin.core.memory.MemoryMapProvider"": ""irrelevant"", ""help.screenshot.BSimSearchPluginScreenShots"": ""irrelevant"", ""ghidra.app.plugin.core.memory.AddBlockDialog"": ""irrelevant"", ""ghidra.app.plugin.core.memory.AddBlockModel"": ""irrelevant""}","{""bc_threshold"": 0, ""calls_threshold"": 0}",,Finalized,False
69e5244f5284620f76177064,69dc14199ef2781f4bc53451,69dc14199ef2781f4bc53450,RuslanAbliazov,org.nd4j.linalg.minimal.bindings.Nd4jMinimal.unsorted_segment_sqrt_n,Show the main and supporting classes involved in computing sums along tensor segments divided by the square root of segment count,"{""org.nd4j.linalg.minimal.bindings.Nd4jMinimal.unsorted_segment_sqrt_n"": ""required"", ""org.nd4j.linalg.minimal.bindings.Nd4jMinimal.DeclarableCustomOp"": ""useful"", ""org.nd4j.linalg.minimal.bindings.Nd4jMinimal.ShapeList"": ""useful"", ""org.nd4j.linalg.minimal.bindings.Nd4jMinimal.Context"": ""irrelevant""}","{""bc_threshold"": 6.398e-05, ""calls_threshold"": 0}",,Finalized,False
69e5256d5284620f761770c2,69dc14239ef2781f4bc53454,69dc14239ef2781f4bc53453,RuslanAbliazov,org.apache.hadoop.yarn.server.nodemanager.WindowsSecureContainerExecutor.WindowsSecureWrapperScriptBuilder,Show the main and supporting classes involved in building shell script wrappers that do not create PID files for WindowsSecureContainerExecutor,"{""org.apache.hadoop.yarn.server.nodemanager.WindowsSecureContainerExecutor.WindowsSecureWrapperScriptBuilder"": ""required"", ""org.apache.hadoop.yarn.server.nodemanager.DefaultContainerExecutor.LocalWrapperScriptBuilder"": ""required"", ""org.apache.hadoop.yarn.server.nodemanager.WindowsSecureContainerExecutor"": ""required"", ""org.apache.hadoop.yarn.server.nodemanager.DefaultContainerExecutor.UnixLocalWrapperScriptBuilder"": ""irrelevant"", ""org.apache.hadoop.yarn.server.nodemanager.DefaultContainerExecutor.WindowsLocalWrapperScriptBuilder"": ""irrelevant"", ""org.apache.hadoop.fs.contract.ContractTestUtils.TreeScanResults"": ""irrelevant"", ""org.apache.hadoop.fs.contract.AbstractContractGetFileStatusTest"": ""irrelevant"", ""org.apache.hadoop.yarn.logaggregation.filecontroller.tfile.TFileAggregatedLogsBlock"": ""irrelevant"", ""org.apache.hadoop.fs.http.AbstractHttpFileSystem"": ""irrelevant"", ""org.apache.hadoop.fs.sftp.TestSFTPFileSystem"": ""irrelevant"", ""org.apache.hadoop.hdfs.TestListFilesInFileContext"": ""irrelevant"", ""org.apache.hadoop.mapreduce.split.TestJobSplitWriterWithEC"": ""irrelevant"", ""org.apache.hadoop.mapreduce.task.reduce.MergeManagerImpl.CompressAwarePath"": ""irrelevant"", ""org.apache.hadoop.yarn.server.nodemanager.DefaultContainerExecutor"": ""irrelevant"", ""org.apache.hadoop.fs.tosfs.RawFileSystem"": ""irrelevant"", ""org.apache.hadoop.fs.viewfs.TestViewFsLinkFallback"": ""irrelevant"", ""org.apache.hadoop.fs.Path"": ""irrelevant"", ""org.apache.hadoop.yarn.logaggregation.filecontroller.LogAggregationFileController.FsLogPathKey"": ""irrelevant"", ""org.apache.hadoop.hdfs.server.namenode.ha.TestHarFileSystemWithHA"": ""irrelevant"", ""org.apache.hadoop.yarn.server.nodemanager.containermanager.localizer.sharedcache.SharedCacheUploadEvent"": ""irrelevant"", ""org.apache.hadoop.yarn.server.nodemanager.containermanager.localizer.sharedcache.SharedCacheUploader"": ""irrelevant"", ""org.apache.hadoop.hdfs.server.diskbalancer.command.Command"": ""irrelevant"", ""org.apache.hadoop.fs.azurebfs.services.AbfsListStatusRemoteIterator"": ""irrelevant"", ""org.apache.hadoop.fs.obs.OBSListing.AcceptFilesOnly"": ""irrelevant"", ""org.apache.hadoop.fs.contract.AbstractContractVectoredReadTest"": ""irrelevant"", ""org.apache.hadoop.yarn.server.nodemanager.containermanager.linux.runtime.TestJavaSandboxLinuxContainerRuntime"": ""irrelevant"", ""org.apache.hadoop.tools.SimpleCopyListing.TraverseDirectory"": ""irrelevant"", ""org.apache.hadoop.yarn.server.nodemanager.executor.ContainerPrepareContext"": ""irrelevant"", ""org.apache.hadoop.mapred.TestCombineTextInputFormat"": ""irrelevant"", ""org.apache.hadoop.hdfs.protocol.CacheDirectiveInfo"": ""irrelevant""}","{""bc_threshold"": 0, ""calls_threshold"": 0}",,Finalized,False
